rpr001,rpr001
rpr002,rpr002
rpr003,rpr003
rpr004,rpr004
rpr005,rpr005
rpr006,rpr006
rpr007,rpr007
rpr008,rpr008
rpr009,rpr009
rpr010,rpr010
rpr011,rpr011
rpr012,rpr012
rpr013,rpr013
rpr014,rpr014
rpr015,rpr015
rpr016,rpr016
rpr017,rpr017
rpr018,rpr018
rpr019,rpr019
rpr020,rpr020
rpr021,rpr021
rpr022,rpr022
rpr023,rpr023
rpr024,rpr024
rpr025,rpr025
rpr026,rpr026
rpr027,rpr027
rpr028,rpr028
rpr029,rpr029
rpr030,rpr030
rpr031,rpr031
rpr032,rpr032
rpr033,rpr033
rpr034,rpr034
rpr035,rpr035
rpr036,rpr036
rpr037,rpr037
rpr038,rpr038
rpr039,rpr039
rpr040,rpr040
rpr041,rpr041
rpr042,rpr042
rpr043,rpr043
rpr044,rpr044
rpr045,rpr045
rpr046,rpr046
rpr047,rpr047
rpr048,rpr048
rpr049,rpr049
rpr050,rpr050
rpr051,rpr051
rpr052,rpr052
rpr053,rpr053
rpr054,rpr054
rpr055,rpr055
rpr056,rpr056
rpr057,rpr057
rpr058,rpr058
rpr059,rpr059
rpr060,rpr060
rpr061,rpr061
rpr062,rpr062
rpr063,rpr063
rpr064,rpr064
rpr065,rpr065
rpr066,rpr066
rpr067,rpr067
rpr068,rpr068
rpr069,rpr069
rpr070,rpr070
