rpr001,3
rpr002,3
rpr003,3
rpr004,3
rpr005,3
rpr006,3
rpr007,3
rpr008,3
rpr009,3
rpr010,3
rpr011,3
rpr012,3
rpr013,3
rpr014,3
rpr015,3
rpr016,3
rpr017,3
rpr018,3
rpr019,3
rpr020,3
rpr021,3
rpr022,3
rpr023,3
rpr024,3
rpr025,3
rpr026,3
rpr027,3
rpr028,3
rpr029,3
rpr030,3
rpr031,3
rpr032,3
rpr033,3
rpr034,3
rpr035,3
rpr036,3
rpr037,3
rpr038,3
rpr039,3
rpr040,3
rpr041,3
rpr042,3
rpr043,3
rpr044,3
rpr045,3
rpr046,3
rpr047,3
rpr048,3
rpr049,3
rpr050,3
rpr051,3
rpr052,3
rpr053,3
rpr054,3
rpr055,3
rpr056,3
rpr057,3
rpr058,3
rpr059,3
rpr060,3
rpr061,3
rpr062,3
rpr063,3
rpr064,3
rpr065,3
rpr066,3
